Unnamed: 0,Unnamed: 1
,
,
,
,
,Global Observatory on Health R&D
,© World Health Organization 2026
,
,Version date: June 2026
,
,Description
,WHO review of malaria vaccine clinical development
,
,
,Disclaimer
,"The information in this database is provided as a service to our users. The designations employed and the presentation of the material in this file do not imply the expression of any opinion whatsoever on the part of WHO. The mention of specific companies or of certain manufacturers’ products does not imply that they are endorsed or recommended by WHO in preference to others of a similar nature that are not mentioned. All reasonable precautions have been taken by WHO to verify the information contained in this file. However, the published material is being distributed without warranty of any kind, either expressed or implied. The responsibility for the interpretation and use of the material lies with the reader. In no event shall WHO be liable for damages arising from its use. "
,
,Links
,Global Observatory on Health R&D
,WHO review of malaria vaccine clinical development
