pdf_start,pdf_end,printed_start,printed_end,status,completed_in,next_action
1,5,,,pending_full_review,,pending
6,23,TOC-5,TOC-22,complete_toc_rebuild,v161,
24,28,1,5,complete_sequential_rebuild,v162,
29,33,6,10,complete_sequential_rebuild,v163,
34,38,11,15,complete_sequential_rebuild,v164,
39,43,16,20,complete_sequential_rebuild,v165,
44,48,21,25,complete_sequential_rebuild,v166,
49,53,26,30,complete_sequential_rebuild,v167,
54,58,31,35,complete_sequential_rebuild,v168,
59,63,36,40,complete_sequential_rebuild,v169,
64,113,41,90,complete_batch_deepcheck_with_deferred,v170,semantic_review_and_deferred_lines
114,163,91,140,complete_batch_deepcheck_with_deferred,v171,semantic_review_and_deferred_lines
164,213,141,190,scheduled_next_batch,,next_batch
214,592,191,,pending_full_review,,pending
