TrialId,Product name,Vaccine status,WHO review,Description,Developers,Highest Development Phase,Species,Life cycle,Antigen,Platform,Adjuvant,Route of administration,Trial status,Trial phase,Trial sites,Trial end year,CHMI site,Registry ID,Link to trial
1,Ad35.CS.01,Inactive,,"Immunogenicity, safety, and reactogenicity of Ad35.CS.01 in Burkinabè, semi-immune, healthy adults 18 to 45 years",US National Institute of Allergy and Infectious Diseases (NIAID),Phase I,P. falciparum,Pre-erythrocytic stage,PfCSP,Recombinant viral vector,,Intramuscular,Completed,Phase I,Burkina Faso,2011,No,NCT01018459,https://clinicaltrials.gov/ct2/show/NCT01018459
2,Ad35.CS.01,Inactive,,"Dose-escalation trial on immunogenicity, safety, and reactogenicity of Ad35.CS.01 in healthy US adults",US National Institute of Allergy and Infectious Diseases (NIAID),Phase I,P. falciparum,Pre-erythrocytic stage,PfCSP,Recombinant viral vector,,Parenteral,Completed,Phase I,United States,2014,No,NCT00371189,https://clinicaltrials.gov/ct2/show/NCT00371189
3,Ad35.CS.01 + Ad26.CS.01,Inactive,,"Dose-escalation study evaluating safety, tolerability, immunogenicity, and protective efficacy of Ad35.CS.01 and Ad26.CS.01 as heterologous prime-boost regimen",Crucell; PATH; Seattle Children's Research Institute,Phase II,P. falciparum,Pre-erythrocytic stage,PfCSP,Recombinant viral vector,,Parenteral,Completed,Phase I/IIa,United States,2012,Yes,NCT01397227,https://clinicaltrials.gov/ct2/show/NCT01397227
4,"Ad35.CS.01 + RTS,S/AS01E",Inactive,,"Heterologous prime boost - 1 dose of Ad35.CS.01 vaccine, followed by 2 doses RTS,S/AS01E","GlaxoSmithKline (GSK), PATH; Crucell",Phase II,P. falciparum,Pre-erythrocytic stage,PfCSP,"Recombinant subunit,Virus-like particle,Recombinant viral vector",AS01E,Intramuscular,Completed,Phase II,United States,2012,Yes,NCT01366534,https://clinicaltrials.gov/ct2/show/NCT01366534
5,BK-SE36,Inactive,,Phase 1a of BK-SE36 in Japan,Osaka University,Phase I,P. falciparum,Blood stage,PfSERA5,Recombinant subunit,,Subcutaneous,Completed,Phase I,Japan,2005,No,ISRCTN78679862,https://trialsearch.who.int/Trial2.aspx?TrialID=ISRCTN78679862
6,BK-SE36/Alhydrogel,Inactive,,Phase 1b of BK-SE36 in Uganda,Nobelpharma; Osaka University; European Vaccine Initiative (EVI),Phase I,P. falciparum,Blood stage,PfSERA5,Recombinant subunit,Alhydrogel,Parenteral,Completed,Phase I,Uganda,2010,No,ISRCTN71619711,https://trialsearch.who.int/Trial2.aspx?TrialID=ISRCTN71619711
7,BK-SE36/Alhydrogel,Inactive,,"Phase 1b age de-escalation study of BK-SE36/Alhydrogel, subcutaneously or intramuscularly, in healthy malaria exposed African children living in Burkina Faso","Nobelpharma; Osaka University; European Vaccine Initiative (EVI); Centre National de Recherche et de Formation sur la Paludisme, Burkina Faso",Phase I,P. falciparum,Blood stage,PfSERA5,Recombinant subunit,Alhydrogel,Intramuscular; Subcutaneous,Completed,Phase I,Burkina Faso,2017,No,PACTR201411000934120,https://trialsearch.who.int/Trial2.aspx?TrialID=PACTR201411000934120
8,BK-SE36/CpG,Active,,Age de-escalation study of BK-SE36/CpG intramuscularly in healthy malaria exposed African adults and children living in Burkina Faso,"Nobelpharma; Osaka University; European Vaccine Initiative (EVI); Centre National de Recherche et de Formation sur la Paludisme, Burkina Faso",Phase I,P. falciparum,Blood stage,PfSERA5,Recombinant subunit,CpG,Intramuscular,Completed,Phase I,Burkina Faso,2020,No,PACTR201701001921166,https://trialsearch.who.int/Trial2.aspx?TrialID=PACTR201701001921166
9,BK-SE36/CpG,Active,,Safety and immunogenicity of BK-SE36/CpG in healthy Japanese adult males,Osaka University,Phase I,P. falciparum,Blood stage,PfSERA5,Recombinant subunit,CpG,Intramuscular,Completed,Phase I,Japan,,No,JPRN-JMA-IIA00109,https://trialsearch.who.int/Trial2.aspx?TrialID=JPRN-JMA-IIA00109
10,BK-SE36/CpG,Active,,Immunological response to BK-SE36/CpG,"National Institutes of Biomedical Innovation, Health and Nutrition",Phase I,P. falciparum,Blood stage,PfSERA5,Recombinant subunit,CpG,Intramuscular,Completed,Phase I,Japan,,No,JPRN-UMIN000012980,https://trialsearch.who.int/Trial2.aspx?TrialID=JPRN-UMIN000012980
11,BSAM2/Alhydrogel CPG 7909,Inactive,,Safety and immunogenicity of BSAM2 with adjuvants Alhydrogel and CGP 7909 in adults in the US and Mali,US National Institute of Allergy and Infectious Diseases (NIAID),Phase I,P. falciparum,Blood stage,"PfMSP1,PfAMA1",Recombinant subunit,"Alhydrogel,CPG 7909",Intramuscular,Completed,Phase I,United States;Mali,2012,No,NCT00889616,https://clinicaltrials.gov/ct2/show/NCT00889616
12,ChAd63 PfAMA1;ChAd63-MVA PfAMA1,Inactive;Inactive,None;None,Safety and immunogenicity of ChAd63 AMA1 alone and with MVA AMA1,University of Oxford,Phase II;Phase II,P. falciparum;P. falciparum,Blood stage;Blood stage,PfAMA1;PfAMA1,Recombinant viral vector;Recombinant viral vector,None;None,Intramuscular,Completed,Phase I,United Kingdom,2010,No,NCT01095055,https://clinicaltrials.gov/ct2/show/NCT01095055
13,ChAd63 PfAMA1;MVA PfAMA1;ChAd63 MSP1;MVA MSP1;ChAd63-MVA ME-TRAP,Inactive;Inactive;Inactive;Inactive;Inactive,None;None;None;None;None,"Phase I/IIa sporozoite challenge study to assess the protective efficacy of ChAd63 AMA1, MVA AMA1, ChAd63 MSP1, MVA MSP1, ChAd63 ME-TRAP and MVA ME-TRAP (VAC039)",University of Oxford,Phase II;Phase II;Phase II;Phase II;Phase II,P. falciparum;P. falciparum;P. falciparum;P. falciparum;P. falciparum,Blood stage;Blood stage;Blood stage;Blood stage;Pre-erythrocytic stage,PfAMA1;PfAMA1;PfMSP1;PfMSP1;ME-TRAP,Recombinant viral vector;Recombinant viral vector;Recombinant viral vector;Recombinant viral vector;Recombinant viral vector,None;None;None;None;None,Intramuscular,Completed,Phase I/IIa,United Kingdom,2011,Yes,NCT01142765; EUCTR2010-018341-56-GB,"https://clinicaltrials.gov/ct2/show/NCT01142765
https://trialsearch.who.int/Trial2.aspx?TrialID=EUCTR2010-018341-56-GB"
14,ChAd63 PfAMA1;MVA PfAMA1;PfAMA1-C1/Alhydrogel;PfAMA1-C1/Alhydrogel CPG 7909,Inactive;Inactive;Inactive;Inactive,None;None;None;None,"Safety and immunogenicity of ChAd63 PfAMA1, MVA PfAMA1 and PfAMA1-C1 adjuvanted with Alhydrogel alone or with CPG 7909",University of Oxford; US National Institute of Allergy and Infectious Diseases (NIAID),Phase II;Phase II;Phase II;Phase II,P. falciparum;P. falciparum;P. falciparum;P. falciparum,Blood stage;Blood stage;Blood stage;Blood stage,PfAMA1;PfAMA1;PfAMA1;PfAMA1,Recombinant viral vector;Recombinant viral vector;Recombinant subunit;Recombinant subunit,"None;None;Alhydrogel;Alhydrogel,CPG 7909",Intramuscular,Completed,Phase I,United Kingdom,2013,No,NCT01351948,https://clinicaltrials.gov/ct2/show/NCT01351948
15,ChAd63-MVA ME-TRAP,Inactive,,"Heterologous prime boost - ChAd63 ME-TRAP prime, followed by MVA ME-TRAP boost in healthy infants and children (5-17 months old)  in Burkina Faso","University of Oxford; Okairos; Centre National de Recherche et de Formation sur la Paludisme, Burkina Faso; European & Developing Countries Clinical Trials Partnership (EDCTP); European Vaccine Initaitive (EVI)",Phase II,P. falciparum,Pre-erythrocytic stage,ME-TRAP,Recombinant viral vector,,Intramuscular,Completed,Phase II,Burkina Faso,2014,No,NCT01635647,https://clinicaltrials.gov/ct2/show/NCT01635647
16,ChAd63-MVA ME-TRAP,Inactive,,"Heterologous prime boost - ChAd63 ME-TRAP prime, followed by MVA ME-TRAP boost in healthy infants (10 weeks old, 5-12 months old) in The Gambia",University of Oxford; Medical Research Council (MRC) The Gambia; European & Developing Countries Clinical Trials Partnership (EDCTP); European Vaccine Initiative (EVI),Phase II,P. falciparum,Pre-erythrocytic stage,ME-TRAP,Recombinant viral vector,,Intramuscular,Completed,Phase I,The Gambia,2013,No,NCT01450293,https://clinicaltrials.gov/ct2/show/NCT01450293
17,ChAd63-MVA ME-TRAP,Inactive,,"Heterologous prime boost - ChAd63 ME-TRAP prime, followed by MVA ME-TRAP boost in healthy adult (18-50 years old) and children (2-6 years old) volunteers in The Gambia",University of Oxford; Medical Research Council (MRC) The Gambia; European & Developing Countries Clinical Trials Partnership (EDCTP); European Vaccine Initiative (EVI),Phase II,P. falciparum,Pre-erythrocytic stage,ME-TRAP,Recombinant viral vector,,Intramuscular,Completed,Phase I,The Gambia,2011,No,NCT01373879,https://clinicaltrials.gov/ct2/show/NCT01373879
18,ChAd63-MVA ME-TRAP,Inactive,,"Heterologous prime boost - ChAd63 ME-TRAP prime, followed by MVA ME-TRAP boost in healthy adult volunteers in Kenya",University of Oxford; Kenya Medical Research Institute (KEMRI); European & Developing Countries Clinical Trials Partnership (EDCTP); European Vaccine Initiative (EVI),Phase II,P. falciparum,Pre-erythrocytic stage,ME-TRAP,Recombinant viral vector,,Intramuscular,Completed,Phase I,Kenya,2011,No,NCT01379430,https://clinicaltrials.gov/ct2/show/NCT01379430
19,ChAd63-MVA ME-TRAP,Inactive,,"Heterologous prime boost - ChAd63 ME-TRAP prime, followed by MVA ME-TRAP boost in health men (18-50 years old) volunteers in Senegal",University of Oxford; Université Cheikh Anta Diop (UCAD); European Vaccine Initiative (EVI),Phase II,P. falciparum,Pre-erythrocytic stage,ME-TRAP,Recombinant viral vector,,Intramuscular,Completed,Phase II,Senegal,,No,PACTR 201303000499409,https://trialsearch.who.int/?TrialID=PACTR201303000499409
20,ChAd63-MVA ME-TRAP PfCSP PfAMA1;ChAd63-MVA ME-TRAP PfCSP,Inactive;Inactive,None;None,"Heterologous prime boost - ChAd63 ME-TRAP prime, followed by MVA ME-TRAP boost in health malaria naive adult volunteers (18-45 years old) (VAC052)",University of Oxford; GenVec; GlaxoSmithKline (GSK); PATH; US Department of Defense (DOD),Phase II;Phase II,P. falciparum;P. falciparum,"Pre-erythrocytic stage,Blood stage;Pre-erythrocytic stage","PfCSP,ME-TRAP,PfAMA1;PfCSP,ME-TRAP",Recombinant viral vector;Recombinant viral vector,None;None,Intramuscular,Completed,Phase II,United Kingdom,2013,Yes,NCT01739036; EUCTR2012-004416-66-GB,"https://clinicaltrials.gov/ct2/show/NCT01739036
https://trialsearch.who.int/Trial2.aspx?TrialID=EUCTR2012-004416-66-GB"
21,ChAd63-MVA PfCSP,Inactive,,ChAd63 CSP administered alone and with MVA CSP,University of Oxford; European Vaccine Initiative (EVI); Royal College of Surgeon Ireland,Phase I,P. falciparum,Pre-erythrocytic stage,PfCSP,Recombinant viral vector,,Intramuscular,Completed,Phase I,Ireland,2012,No,NCT01450280,https://clinicaltrials.gov/ct2/show/NCT01450280
22,ChAd63-MVA Pfs25-IMX313 ,Inactive,,Safety and immunogenicity of ChAd63 Pfs-25IMX313 alone and with MVA Pfs25-IMX313 (VAC062),University of Oxford,Phase I,P. falciparum,Sexual stage,Pfs25,Recombinant viral vector,,Intramuscular,Completed,Phase I,United Kingdom,2017,No,NCT02532049,https://clinicaltrials.gov/ct2/show/NCT02532049
23,ChAd63-MVA PvDBP,Active,,"Phase Ia of ChAd63 PvDBP, with or without MVA PvDBP as heterologous prime-boost",University of Oxford,Phase II,P. vivax,Blood stage,PvDBP,Recombinant viral vector,,Intramuscular,Completed,Phase I,United Kingdom,2014,No,NCT01816113,https://clinicaltrials.gov/ct2/show/NCT01816113
24,ChAd63-MVA PvDBP,Active,,Phase IIa challenge study of ChAd63 PvDBP and MVA PvDBP heterologous prime-boost in healthy adults in the UK (VAC071),University of Oxford,Phase II,P. vivax,Blood stage,PvDBP,Recombinant viral vector,,Intramuscular,Ongoing,Phase II,United Kingdom,2022 (expected),Yes,NCT04009096,https://clinicaltrials.gov/ct2/show/NCT04009096
25,ChAd63-MVA PvDBP,Active,,Phase Ia of ChAd63 PvDBP alone and with MVA PvDBP as heterologous prime-boost,University of Oxford,Phase II,P. vivax,Blood stage,PvDBP,Recombinant viral vector,,Intramuscular,Completed,Phase I,United Kingdom,2014,No,NCT01816113,https://clinicaltrials.gov/ct2/show/NCT01816113
26,ChAd63-MVA Rh5,Active,,ChAd63 Rh5 alone and with heterologous prime-boost with MVA Rh5 (VAC057),University  of Oxford; European Commission,Phase I,P. falciparum,Blood stage,PfRh5,Recombinant viral vector,,Intramuscular,Completed,Phase Ia,United Kingdom,2015,No,NCT02181088,https://clinicaltrials.gov/ct2/show/NCT02181088
27,ChAd63-MVA Rh5,Active,,"ChAd63 Rh5 with MVA Rh5 heterologous prime-boost in adults, young children and infants living in Tanzania",University  of Oxford; Ifakara Health Institute; UK Medical Research Council,Phase I,P. falciparum,Blood stage,PfRh5,Recombinant viral vector,,Intramuscular,Completed,Phase Ib,Tanzania,2019,No,NCT03435874; PACTR201710002722229; ISRCTN47448832,"https://clinicaltrials.gov/ct2/show/NCT03435874
https://pactr.samrc.ac.za/TrialDisplay.aspx?TrialID=2722
https://www.isrctn.com/ISRCTN47448832"
28,ChAdOx1-MVA LS2,Inactive,,"Safety, immunogenicity and protective efficacy of ChAdOx1-MVA LS2 (LSA1 + LSAP2) prime boost in healthy UK adults (VAC067)",University of Oxford,Phase II,P. falciparum,Pre-erythrocytic stage,PfLS2,Recombinant viral vector,,Parenteral,Completed,Phase I/II,United Kingdom,2017,Yes,NCT03203421; EUCTR2017-001049-28-GB,"https://clinicaltrials.gov/ct2/show/NCT03203421
https://www.clinicaltrialsregister.eu/ctr-search/search?query=eudract_number:2017-001049-28"
29,Chemically attenuated Pf7G8,Active,,An efficacy study in healthy malaria-naive adults for purified P. falciparum 7G8 parasites attenuated with Tafuramycin-A,Griffith University,Phase I,P. falciparum,Blood stage,Whole parasite,Whole parasite,,Intravenous,Ongoing,Phase I,Australia,Not reported,Yes,ACTRN12618001314213,"https://trialsearch.who.int/?TrialID=ACTRN12618001314213;
https://www.anzctr.org.au/Trial/Registration/TrialReview.aspx?ACTRN=12618001314213"
30,DNA-Ad5 PfCSP PfAMA1,Inactive,,DNA- and Ad5-vectored prime boost regimen encoding PfCSP and PfAMA1,Walter Reed Army Institute of Research (WRAIR); U.S. Army Medical Research and Development Command; United States Agency for International Development (USAID),Phase II,P. falciparum,"Pre-erythrocytic stage,Blood stage","PfAMA1,PfCSP","DNA vaccine,Recombinant viral vector",,Intramuscular,Completed,Phase I/II,United States,2015,Yes,NCT00870987,https://clinicaltrials.gov/ct2/show/NCT00870987
31,DNA-ChAd63 PfCSP PfAMA1;DNA-ChAd63 PfCSP PfAMA1 ME-TRAP,Active;Active,None;None,"Two heterologous prime-boost vaccine regimens in healthy, malaria naïve adults. DNA plasmid vaccine prime and ChAd63/CA (PfCSP, PfAMA1) or ChAd63/CAT (PfCSP, PfAMA1, ME-TRAP)",US Naval Medical Research Center; Walter Reed Army Institute of Research (WRAIR); University of Oxford; U.S. Army Medical Research and Development Command; United States Agency for International Development (USAID),Phase I;Phase I,P. falciparum;P. falciparum,"Pre-erythrocytic stage,Blood stage;Pre-erythrocytic stage,Blood stage","PfAMA1,PfCSP;PfCSP,PfAMA1,ME-TRAP","DNA vaccine,Recombinant viral vector;DNA vaccine,Recombinant viral vector",None;None,Intramuscular,Completed,Phase I,United States,2020,Yes,NCT03341754,https://clinicaltrials.gov/ct2/show/NCT03341754
32,DNA-MVA ME-TRAP,Inactive,,DNA ME-TRAP and MVA ME-TRAP prime boost regimen in Gambian adults,London School of Hygiene & Tropical Medicine (LSHTM),Phase I,P. falciparum,Pre-erythrocytic stage,ME-TRAP,"DNA vaccine,Recombinant viral vector",,Intramuscular; Intradermal,Completed,Phase I,The Gambia,2002,No,ISRCTN05221133,https://trialsearch.who.int/Trial2.aspx?TrialID=ISRCTN05221133
33,EBA175 RII-NG,Inactive,,Safety and immunogenicity of EBA175 RII-NG in semi-immune adults in Ghana,US National Institute of Allergy and Infectious Diseases (NIAID),Phase I,P. falciparum,Blood stage,PfEBA175,Recombinant subunit,,Intramuscular,Completed,Phase I,Ghana,2012,No,NCT01026246,https://clinicaltrials.gov/ct2/show/NCT01026246
34,EBA175 RII-NG,Inactive,,Safety and immunogenicity of EBA175 RII-NG in health US adults,US National Institute of Allergy and Infectious Diseases (NIAID),Phase I,P. falciparum,Blood stage,PfEBA175,Recombinant subunit,,Intramuscular,Completed,Phase I,United States,2008,No,NCT00347555,https://clinicaltrials.gov/ct2/show/NCT00347555
35,EP1300,Inactive,,"Dose-escalation study of poly-epitope DNA vaccine (PfCSP, SSP2/TRAP, LSA1, and EXP1) via electroporation",US National Institute of Allergy and Infectious Diseases (NIAID),Phase I,P. falciparum,Pre-erythrocytic stage,"PfCSP,PfSSP2,TRAP,PfLSA1,PfEXP1",DNA vaccine,,Parenteral,Completed,Phase I,United States,2012,No,NCT01169077,https://clinicaltrials.gov/ct2/show/NCT01169077
36,FMP010/AS01B,Inactive,,Phase 1a dose escalation study of FMP010/AS01B  in healthy malaria-naïve adults,GlaxoSmithKline (GSK); Kenya Medical Research Institute (KEMRI); U.S. Army Medical Research and Development Command; US Agency for International Development (USAID); Walter Reed Army Institute of Research,Phase I,P. falciparum,Pre-erythrocytic stage,PfCSP,Recombinant subunit,AS01B,Intramuscular,Completed,Phase I,United States,2009,No,NCT00666380,https://clinicaltrials.gov/ct2/show/NCT00666380
37,FMP010/AS01B,Inactive,,Phase 1b  study of FMP010/AS01B  in malaria-experienced adults in Kenya,GlaxoSmithKline (GSK); Kenya Medical Research Institute (KEMRI); U.S. Army Medical Research and Development Command; US Agency for International Development (USAID); Walter Reed Army Institute of Research,Phase I,P. falciparum,Pre-erythrocytic stage,PfCSP,Recombinant subunit,AS01B,Intramuscular,Completed,Phase I,Kenya,2009,No,NCT02458092,https://clinicaltrials.gov/ct2/show/NCT02458092
38,FMP012/AS01B,Inactive,,FMP012 administered with AS01B in healthy malaria-naive adults,U.S. Army Medical Research and Development Command; Walter Reed Army Institute of Research (WRAIR); United States Agency for International Development (USAID); Military Infectious Disease Research Program (MIDRP); GlaxoSmithKline (GSK),Phase I,P. falciparum,"Mosquito stage,Pre-erythrocytic stage",PfCelTOS,Recombinant subunit,AS01B,Intramuscular,Completed,Phase I,United States,2015,Yes,NCT02174978,https://clinicaltrials.gov/ct2/show/NCT02174978
39,FMP012/GLA-SE,Inactive,,PfCelTOS administered intramuscularly in healthy malaria-naive adults,U.S. Army Medical Research and Development Command; Walter Reed Army Institute of Research (WRAIR); United States Agency for International Development (USAID); Infectious Disease Research Institute (IDRI),Phase I,P. falciparum,"Mosquito stage,Pre-erythrocytic stage",PfCelTOS,Recombinant subunit,GLA-SE,Intramuscular,Completed,Phase I,United States,2012,Yes,NCT01540474,https://clinicaltrials.gov/ct2/show/NCT01540474
40,FMP013/ALFQ,Active,,"Safety, protective efficacy, and immunogenicity of FMP013/ALFQ in healthy malaria-naïve adults with CHMI",Walter Reed Army Institute of Research; U.S. Army Medical Research and Development Command,Phase I,P. falciparum,Pre-erythrocytic stage,PfCSP,Recombinant subunit,ALFQ,Intramuscular,Ongoing,Phase I,United States,2022 (expected),Yes,NCT04268420,https://clinicaltrials.gov/ct2/show/NCT04268420
41,FMP014/ALFQ,Active,,"Self-assembling protein nanoparticles (SAPN), containing PfCSP epitopes  (FMP014) combined with (ALF with QS-21)",U.S. Army Medical Research and Development Command; Walter Reed Army Institute of Research,Phase I,P. falciparum,Pre-erythrocytic stage,PfCSP,Self-assembling nanoparticles,ALFQ,Intramuscular,Ongoing,Phase I,United States,2022 (expected),Yes,NCT04296279,https://clinicaltrials.gov/ct2/show/NCT04296279
42,FMP2.1/AS02A,Inactive,,"Safety, immunigenicity, and efficacy of FMP2.1/AS02A in 1-6 year old children in Bandiagara, Mali",GlaxoSmithKline (GSK); US Army Medical Research and Materiel Command; Walter Reed Army Institute of Research; National Institute of Allergy and Infectious Diseases (NIAID); University of Maryland,Phase II,P. falciparum,Blood stage,PfAMA1,Recombinant subunit,AS02A,Intramuscular,Completed,Phase II,Mali,2009,No,NCT00460525,https://clinicaltrials.gov/ct2/show/NCT00460525
43,FMP2.1/AS02A,Inactive,,Safety and immunogenicity of  FMP2.1/AS02A in Malian adults,GlaxoSmithKline (GSK); US Army Medical Research and Development Command; Walter Reed Army Institute of Research; USS National Institute of Allergy and Infectious Diseases (NIAID); University of Maryland,Phase II,P. falciparum,Blood stage,PfAMA1,Recombinant subunit,AS02A,Parenteral,Completed,Phase I,Mali,2006,No,NCT00349713,https://clinicaltrials.gov/ct2/show/NCT00349713
44,GMZ2,Inactive,,"Phase II multi-centre study of GMZ2 candidate malaria vaccine in Gabonese, Bukinabe, Ghanaian, and Ugandan children aged 12 to 60 months","Staten Serum Institute; Makerere University; Albert Schweitzer Hospital, Medical Research Unit; Medical Research Council (MRC) The Gambia; Projet de Development de Vaccins Anti-Paludique - Centre",Phase II,P. falciparum,Blood stage,"PfGLURP,PfMSP3",Recombinant subunit,,Intramuscular,Completed,Phase II,Burkina Faso;Gabon;Ghana;Uganda,2014,No,PACTR2010060002033537,https://trialsearch.who.int/Trial2.aspx?TrialID=PACTR2010060002033537
45,GMZ2,Inactive,,Phase I single centre trial of GMZ2 in Gabonese children aged 1-5 years,"African Malaria Network Trust (AMANET); Medical Research Unit, Albert Schweitzer Hospital, Gabon",Phase II,P. falciparum,Blood stage,"PfGLURP,PfMSP3",Recombinant subunit,,Intramuscular,Completed,Phase I,Gabon,2009,No,NCT00703066,https://clinicaltrials.gov/ct2/show/NCT00703066
46,GMZ2,Inactive,,GMZ2 vaccine versus rabies vaccine in healthy Gabonese adult volunteers,"African Malaria Network Trust (AMANET); Medical Research Unit, Albert Schweitzer Hospital, Gabon",Phase II,P. falciparum,Blood stage,"PfGLURP,PfMSP3",Recombinant subunit,,Intramuscular,Completed,Phase I,Gabon,2008,No,NCT00424944,https://clinicaltrials.gov/ct2/show/NCT00424944
47,GMZ2/Alhydrogel,Inactive,,"Phase I single centre, dose-selection trial of GMZ2 in healthy adult volunteers",European Vaccine Initiative (EMVI); University of Tubingen,Phase I,P. falciparum,Blood stage,"PfGLURP,PfMSP3",Recombinant subunit,Alhydrogel,Intramuscular,Completed,Phase I,Germany,2007,No,NCT00397449,https://clinicaltrials.gov/ct2/show/NCT00397449
48,GMZ2/CAF01,Inactive,,Phase 1 of CAF01 and aluminum hydroxide as adjuvants for vaccine candidate GMZ2 in health adult African volunteers,Centre de Recherches Medicales Lambarene; German Centre for Infection Research; University of Tubingen; Statens Serum Institute,Phase I,P. falciparum,Blood stage,"PfGLURP,PfMSP3",Recombinant subunit,CAF01,Intramuscular,Completed,Phase I,Gabon,2016,Yes,PACTR201503001038304,https://trialsearch.who.int/Trial2.aspx?TrialID=PACTR201503001038304
49,MSP3-LSP/Alhydrogel,Inactive,,Proof-of-concept study of MSP3-LSP vaccine to protect against malaria in Africa ,Vac4All; University of Bamako,Phase II,P. falciparum,Blood stage,PfMSP3,Recombinant subunit,Alhydrogel,Subcutaneous,Completed,Phase IIb,Mali,2013,No,NCT01341704,https://clinicaltrials.gov/ct2/show/NCT01341704
50,MSP3-LSP/Alhydrogel,Inactive,,Phase IIb of MSP3-LSP in healthy children aged 12-48 months in Mali,African Malaria Network Trust (AMANET); University of Bamako,Phase II,P. falciparum,Blood stage,PfMSP3,Recombinant subunit,Alhydrogel,Subcutaneous,Completed,Phase IIb,Mali,2010,No,NCT00652275,https://clinicaltrials.gov/ct2/show/NCT00652275
51,MSP3-LSP/Alhydrogel,Inactive,,Phase Ib field trial in 12 to 24 month old children in Tanzania of MSP3 vs hepatitis B vaccine,African Malaria Network Trust (AMANET); London School of Hygiene & Tropical Medicine (LSHTM),Phase II,P. falciparum,Blood stage,PfMSP3,Recombinant subunit,Alhydrogel,Subcutaneous,Completed,Phase Ib,Tanzania,2008,No,NCT00469651,https://clinicaltrials.gov/ct2/show/NCT00469651
52,P27A/GLA-SE;P27A/Alhydrogel,Inactive;Inactive,None;None,Phase Ia/Ib of P27A in malaria non-exposed European volunteers (phase Ia) and malaria-exposed African volunteers (Tanzania; phase Ib),Centre Hospitalier Universitaire Vaudois (CHUV); University of Lausanne; European Vaccine Initiative (EVI); European and Developing Countries Clinical Trials Partnership (EDCTP),Phase I;Phase I,P. falciparum;P. falciparum,Blood stage;Blood stage,P27A;P27A,Synthetic peptide;Synthetic peptide,GLA-SE;Alhydrogel,Intramuscular,Completed,Phase I,Switzerland;Tanzania,2015,No,NCT01949909,https://clinicaltrials.gov/ct2/show/NCT01949909
53,PAMVAC/Alhydrogel;PAMVAC/GLA-SE;PAMVAC/GLA-LSQ,Inactive;Inactive;Inactive,None;None;None,Safety and immunogenicity of placental malaria vaccine PAMVAC variously adjuvanted,University of Tubingen; University of Copenhagen; European Vaccine Iniatitive (EVI); French Institut de Recherche pour le Developpement; ExpreS2ion Biotechnologies; University of Abomey-Calavi,Phase I;Phase I;Phase I,P. falciparum;P. falciparum;P. falciparum,Blood stage;Blood stage;Blood stage,VAR2CSA;VAR2CSA;VAR2CSA,Recombinant subunit;Recombinant subunit;Recombinant subunit,Alhydrogel;GLA-SE;GLA-LSQ,Intramuscular,Completed,Phase I,Benin,2017,No,NCT02647489,https://clinicaltrials.gov/ct2/show/NCT02647489
54,PbVac,Inactive,,Safety and efficacy of genetically modified P. berghei parasite with PfCSP - Pb(PfCS@UIS4) - in health adult volunteers via CHMI,University of Radboud; PATH; Erasmus Medical Center; Havenziekenhuis,Phase II,P. falciparum,Pre-erythrocytic stage,"Whole sporozoite,PfCSP",Whole parasite,,Mosquito bite,Completed,Phase I/II,Netherlands,2018,Yes,NCT03138096,https://clinicaltrials.gov/ct2/show/NCT03138096
55,PEV301/302,Inactive,,Age de-escalation study of virosome vaccine components (PEV 301 & PEV 302) administered in combination to healthy semi-immune Tanzanian adult and children (PMAL03),Mymetics Corporation; Swiss Tropical and Public Health Institute; Pevion Biotech,Phase I,P. falciparum,Pre-erythrocytic stage,"PfAMA1,PfCSP",Virosomal vaccine,,Intramuscular,Completed,Phase Ib,Tanzania,2009,No,NCT00513669,https://clinicaltrials.gov/ct2/show/NCT00513669
56,PEV301/302,Inactive,,Virosome formulated vaccine components - PEV 301 & PEV 302 - administered in combination to healthy malaria naïve adults,Swiss Tropical and Public Health Institute,Phase I,P. falciparum,Pre-erythrocytic stage,"PfAMA1,PfCSP",Virosomal vaccine,,Intramuscular,Completed,Phase Ia,Switzerland,2005,No,NCT00400101,https://clinicaltrials.gov/ct2/show/NCT00400101
57,PfAMA1-C1/Alhydrogel,Inactive,,Safety and immunogenicity of AMA1-C1/Alhydrogel in children ages 2-4 years in Mali,US National Institute of Allergy and Infectious Diseases (NIAID)  ,Phase II,P. falciparum,Blood stage,PfAMA1,Recombinant subunit,Alhydrogel,Intramuscular,Completed,Phase I/II,Mali,2006,No,NCT00341250,https://clinicaltrials.gov/ct2/show/NCT00341250
58,PfAMA1-C1/Alhydrogel,Inactive,,Safety and immunogenicity of AMA1-C1/Alhydrogel in Malian adults,US National Institute of Allergy and Infectious Diseases (NIAID)  ,Phase II,P. falciparum,Blood stage,PfAMA1,Recombinant subunit,Alhydrogel,Intramuscular,Completed,Phase I,Mali,2008,No,NCT00343005,https://clinicaltrials.gov/ct2/show/NCT00343005
59,PfAMA1-C1/Alhydrogel,Inactive,,Safety and immunogenicity of AMA1-C1/Alhydrogel in healthy US adults,US National Institute of Allergy and Infectious Diseases (NIAID)  ,Phase II,P. falciparum,Blood stage,PfAMA1,Recombinant subunit,Alhydrogel,Intramuscular,Completed,Phase I,United States,2006,No,NCT00114010,https://clinicaltrials.gov/ct2/show/NCT00114010
60,PfAMA1-C1/Alhydrogel CPG 7909,Inactive,,"Safety, immunogenicity and parasite growth inhibition of PfAMA1-C1 Alhydrogel + CPG 7909 (VAC035)","University of Oxford, US National Institute of Allergy and Infectious Diseases (NIAID)  ",Phase II,P. falciparum,Blood stage,PfAMA1,Recombinant subunit,"Alhydrogel,CPG 7909",Intravenous,Completed,Phase I/II,United Kingdom,2010,Yes,NCT00984763; 	EUCTR2007-005389-11-GB,"https://clinicaltrials.gov/ct2/show/NCT00984763
https://trialsearch.who.int/Trial2.aspx?TrialID=EUCTR2007-005389-11-GB"
61,PfAMA1-C1/Alhydrogel CPG 7909,Inactive,,"Safety, reactogenicity and immunogenicity of PfAMA1-C1 with adjuvants Alhydrogel and CPG 7909 for children in Mali",US National Institute of Allergy and Infectious Diseases (NIAID)  ,Phase II,P. falciparum,Blood stage,PfAMA1,Recombinant subunit,"Alhydrogel,CPG 7909",Intramuscular,Completed,Phase I,Mali,2009,No,NCT00740090,https://clinicaltrials.gov/ct2/show/NCT00740090
62,PfAMA1-C1/Alhydrogel CPG 7909,Inactive,,Safety and immunogenicity of AMA1-C1 with adjuvants Alhydrogel and CPG 7909 in healthy US adults,US National Institute of Allergy and Infectious Diseases (NIAID)  ,Phase II,P. falciparum,Blood stage,PfAMA1,Recombinant subunit,"Alhydrogel,CPG 7909",Parenteral,Completed,Phase I,United States,2008,No,NCT00427167,https://clinicaltrials.gov/ct2/show/NCT00427167
63,PfAMA1-C1/Alhydrogel CPG 7909,Inactive,,Safety and immunogenicity of the AMA1-C1 with adjuvants Alhydrogel and CPG 7909 in Malian adults,US National Institute of Allergy and Infectious Diseases (NIAID)  ,Phase II,P. falciparum,Blood stage,PfAMA1,Recombinant subunit,"Alhydrogel,CPG 7909",Intramuscular,Completed,Phase I,Mali,2006,No,NCT00414336,https://clinicaltrials.gov/ct2/show/NCT00414336
64,PfAMA1-C1/Alhydrogel CPG 7909,Inactive,,Safety and immunogenicity of the AMA1-C1 with adjuvants Alhydrogel and CPG 7909 in healthy US adults,US National Institute of Allergy and Infectious Diseases (NIAID)  ,Phase II,P. falciparum,Blood stage,PfAMA1,Recombinant subunit,"Alhydrogel,CPG 7909",Intramuscular,Completed,Phase I,United States,2007,No,NCT00344539,https://clinicaltrials.gov/ct2/show/NCT00344539
65,PfAMA1-C1/Alhydrogel CPG 7909,Inactive,,Safety and immunogenicity of the AMA1-C1 with adjuvants Alhydrogel and CPG 7909 in healthy US adults,US National Institute of Allergy and Infectious Diseases (NIAID)  ,Phase II,P. falciparum,Blood stage,PfAMA1,Recombinant subunit,"Alhydrogel,CPG 7909",Intramuscular,Completed,Phase I,United States,2008,No,NCT00340574,https://clinicaltrials.gov/ct2/show/NCT00340574
66,PfAMA1-C1/ISA720,Inactive,,"Phase 1 study of safety, reactogenicity and immunogenicity of AMA1-C1/ISA 720 in Australian adults",US National Institute of Allergy and Infectious Diseases (NIAID),Phase I,P. falciparum,Blood stage,PfAMA1,Recombinant subunit,Montanide ISA 720,Intramuscular,Completed,Phase I,Australia,2009,No,NCT00487916,https://clinicaltrials.gov/ct2/show/NCT00487916
67,PfAMA1-DiCo/GLA-SE;PfAMA1-DiCo/Alhydrogel,Inactive;Inactive,None;None,Safety and immunogenicity AMA1-DiCo with GLA-SE and Alhydrogel in European adults not previously exposed and African adults exposed to the parasite.,"Institut National de la Santé et de la Recherche Médicale (Inserm); European Vaccine Initiative (EVI); Biomedical Primate Research Center (BPRC); Centre National de Recherche et de Formation sur la Paludisme, Burkina Faso",Phase I;Phase I,P. falciparum;P. falciparum,Blood stage;Blood stage,PfAMA1;PfAMA1,Recombinant subunit;Recombinant subunit,GLA-SE;Alhydrogel,Intramuscular,Completed,Phase I,France;Burkina Faso,2015,No,NCT02014727; PACTR201402000719423,"https://clinicaltrials.gov/ct2/show/NCT02014727
https://pactr.samrc.ac.za/TrialDisplay.aspx?TrialID=719"
68,PfAMA1-FVO [25-545]/Alhydrogel;PfAMA1-FVO [25-545]/ISA 720;PfAMA1-FVO [25-545];PfAMA1-FVO [25-545]/AS02,Inactive;Inactive;Inactive;Inactive,None;None;None;None,"Safety and immunogenicity of PfAMA-1-FVO[25-545] in healthy Malian adults adjuvanted with Alhydrogel, ISA720 or AS02","African Malaria Network Trust (African Malaria Network Trust (AMANET)); Malaria Research and Training Center, Bamako",Phase I;Phase I;Phase I;Phase I,P. falciparum;P. falciparum;P. falciparum;P. falciparum,Blood stage;Blood stage;Blood stage;Blood stage,PfAMA1;PfAMA1;PfAMA1;PfAMA1,Recombinant subunit;Recombinant subunit;Recombinant subunit;Recombinant subunit,Alhydrogel;Montanide ISA 720;None;AS02,Intramuscular,Completed,Phase I,Mali,2008,No,NCT00431808,https://clinicaltrials.gov/ct2/show/NCT00431808
69,PfCP2.9/ISA 720,Inactive,,Safety and reactogenicity of the PfCP2.9 /Montanide ISA 720 vaccine in healthy adult volunteers,"Shanghai Wanxing Bio-Pharmaceuticals; Xinhua Hospital, Shanghai Jiao Tong University School of Medicine; Second Military Medical University; PATH",Phase I,P. falciparum,Blood stage,"PfAMA1,PfMSP1",Recombinant subunit,Montanide ISA 720,Parenteral,Completed,Phase I,China,Completed,No,NCT00284973,https://clinicaltrials.gov/ct2/show/NCT00284973
70,PfGAP3-KO,Active,,Genetically attenuated sporozoite vaccine PfGAP3KO in healthy adult male volunteers,Australian National Health and Medical Research Council (NHMRC),Phase I,P. falciparum,Pre-erythrocytic stage,Whole sporozoite,Whole parasite,,Intravenous,Completed,Phase I,Australia,2018,Yes,ACTRN12617000824369,https://www.anzctr.org.au/Trial/Registration/TrialReview.aspx?ACTRN=12617000824369
71,PfGAP3-KO,Active,,"Safety, attenuation and immunogenicity of PfGAP3KO administered via A. Stephensi mosquitoes",Seattle Children's Research Institute (SCRI),Phase I,P. falciparum,Pre-erythrocytic stage,Whole sporozoite,Whole parasite,,Mosquito bite,Completed,Phase I,United States,2015,No,NCT02313376,https://clinicaltrials.gov/ct2/show/NCT02313376
72,PfGAP3-KO,Active,,"Safety, immunogenicity and efficacy of PfGAP3KO administered via the A. Stephensi mosquitoes to malaria-naïve US adults",US National Institute of Allergy and Infectious Diseases (NIAID),Phase I,P. falciparum,Pre-erythrocytic stage,Whole sporozoite,Whole parasite,,Mosquito bite,Completed,Phase I,United States,2019,Yes,NCT03168854,https://clinicaltrials.gov/ct2/show/NCT03168854
73,PfLSA3/Alhydrogel;PfLSA3 ISA 720,Inactive;Inactive,None;None,Phase I/IIa of liver stage antigen 3 (LSA3) via CHMI,Radboud University; Institut Pasteur,Phase II;Phase II,P. falciparum;P. falciparum,Pre-erythrocytic stage;Pre-erythrocytic stage,PfLSA3;PfLSA3,Recombinant subunit;Recombinant subunit,Alhydrogel;Montanide ISA 720,Subcutaneous,Completed,Phase I/II,Netherlands,2008,Yes,NCT00509158; EUCTR2006-001743-66-NL,"https://clinicaltrials.gov/ct2/show/NCT00509158
https://www.clinicaltrialsregister.eu/ctr-search/search?query=eudract_number:2006-001743-66"
74,PfPEBS/Alhydrogel,Inactive,,"Safety, immunogenicity and efficacy of PfPEBS-LSP synthetic polypeptide vaccine against sporozoite challenge in malaria naïve adults",Vac4Alll; Centre Hospitalier Universitaire Vaudois; Radboud University; European Commission,Phase II,P. falciparum,"Pre-erythrocytic stage,Blood stage",Pf11.1,Recombinant subunit,Alhydrogel,Subcutaneous,Completed,Phase Ia/IIa,Switzerland,2013,Yes,NCT01605786,https://clinicaltrials.gov/ct2/show/NCT01605786
75,Pfs25 VLP FhCMB,Inactive,,Phase 1 of plant-derived Pfs25 VLP-FhCMB malaria transmission blocking vaccine in healthy adults,Fraunhofer Center for Molecular Biotechnology; ExpreS2ion Technologies (Denmark); Burnet Institute; University of Oxford; ARTEST Biotechnology; Johns Hopkins University; PATH; Sabin Vaccine Institute,Phase I,P. falciparum,Sexual stage,Pfs25,Virus-like particle,Alhydrogel,Parenteral,Completed,Phase I,United States,2015,No,NCT02013687,https://clinicaltrials.gov/ct2/show/NCT02013687
76,Pfs25-EPA/Alhydrogel,Inactive,,"Phase 1 of Pfs25-EPA/Alhydrogel in malaria exposed adults in Bancoumana, Mali","US National Institute of Allergy and Infectious Diseases (NIAID); Malaria Research and Training Center, Bamako, Mali",Phase I,P. falciparum,Sexual stage,Pfs25,Recombinant subunit,Alhydrogel,Parenteral,Completed,Phase I,Mali,2016,No,NCT01867463,https://clinicaltrials.gov/ct2/show/NCT01867463
77,Pfs25-EPA/Alhydrogel,Inactive,,Phase 1 of Pfs25-EPA/Alhydrogel in malaria naive adults,US National Institute of Allergy and Infectious Diseases (NIAID); John Hopkins University,Phase I,P. falciparum,Sexual stage,Pfs25,Recombinant subunit,Alhydrogel,Parenteral,Completed,Phase I,United States,2013,No,NCT01434381,https://clinicaltrials.gov/ct2/show/NCT01434381
78,Pfs25-IMX313/Matrix M1,Active,,Phase Ia of Pfs25-IMX313/Matrix-M1 in healthy adults living in the UK (VAC077),University of Oxford,Phase I,P. falciparum,Sexual stage,Pfs25,Recombinant subunit,Matrix M1,Intramuscular,Completed,Phase I,United Kingdom,2020,No,NCT04130282,https://clinicaltrials.gov/ct2/show/NCT04130282
79,Pfs25-IMX313/Matrix M1,Active,,Phase Ib age de-escalation and dose escalation of Pfs25-IMX313/Matrix-M intramuscularly in healthy adults and young children in Tanzania,University of Oxford; Ifakara Health Institute,Phase I,P. falciparum,Sexual stage,Pfs25,Recombinant subunit,Matrix M1,Intramuscular,Ongoing,Phase Ib,Tanzania,2023 (expected),No,NCT04271306,https://clinicaltrials.gov/ct2/show/NCT04271306
80,Pfs25M-EPA/AS01B;Pfs230D1M-EPA/AS01B;Pfs25M-EPA/AS01B + Pfs230D1M-EPA/AS01B,Active;Active;Active,None;None;None,"Pfs25M and Pfs230D1M, full and fractional dosing, in healthy adults in Mali",US National Institute of Allergy and Infectious Diseases (NIAID); Burnet Institute; PATH,Phase II;Phase II;Phase II,P. falciparum;P. falciparum;P. falciparum,Sexual stage;Sexual stage;Sexual stage,"Pfs25;Pfs230;Pfs25,Pfs230",Recombinant subunit;Recombinant subunit;Recombinant subunit,AS01B;AS01B;AS01B,Parenteral,Completed,Phase II,Mali,2020,No,NCT02942277,https://clinicaltrials.gov/ct2/show/record/NCT02942277
81,Pfs25-Pfs25 conjugate vaccine,Inactive,,Phase 1 study evaluating safety and immunogenicity of Pfs25-Pfs25 conjugate vaccine,Eunice Kennedy Shriver National Institute of Child Health and Human Development (NICHD),Phase I,P. falciparum,Sexual stage,Pfs25,Recombinant subunit,,Parenteral,Completed,Phase I,United States,2013,No,NCT00977899,https://clinicaltrials.gov/ct2/show/NCT00977899
82,PfSPZ Vaccine,Active,,Phase 1/2a of PfSPZ vaccine subcutaneously or intradermally to malaria-naïve adult volunteers,PATH; Sanaria; Naval Medical Research Center,Phase II,P. falciparum,Pre-erythrocytic stage,Whole sporozoite,Whole parasite,,Intradermal; Subcutaneous,Completed,Phase I,United States,2010,Yes,NCT01001650,https://clinicaltrials.gov/ct2/show/NCT01001650
83,PfSPZ Vaccine,Active,,Phase 1 dose-escalation challenge study of PfSPZ Vaccine intravenously in malaria-naive adults (VRC 312),Sanaria; US National Institute of Allergy and Infectious Diseases (NIAID); US Military Malaria Vaccine Program,Phase II,P. falciparum,Pre-erythrocytic stage,Whole sporozoite,Whole parasite,,Intravenous,Completed,Phase I,United States,2013,Yes,NCT01441167,https://clinicaltrials.gov/ct2/show/NCT01441167
84,PfSPZ Vaccine,Active,,Phase I intradermal PfSPZ Challenge in malaria-naïve adults,US National Institute of Allergy and Infectious Diseases (NIAID),Phase II,P. falciparum,Pre-erythrocytic stage,Whole sporozoite,Whole parasite,,Intradermal,Completed,Phase I,United States,2013,Yes,NCT01546389,https://clinicaltrials.gov/ct2/show/NCT01546389
85,PfSPZ Vaccine,Active,,Intravenous immunization with PfSPZ Vaccine in healthy African adults,"US National Institute of Allergy and Infectious Diseases (NIAID); Malaria Research and Training Center, Bamako, Mali; Sanaria",Phase II,P. falciparum,Pre-erythrocytic stage,Whole sporozoite,Whole parasite,,Intravenous,Completed,Phase I,Mali,2015,No,NCT01988636,https://clinicaltrials.gov/ct2/show/NCT01988636
86,PfSPZ Vaccine,Active,,Phase 1 CHMI of intravenous and intramuscular PfSPZ Vaccine in malaria-naive adults (VRC 314),US National Institute of Allergy and Infectious Diseases (NIAID),Phase II,P. falciparum,Pre-erythrocytic stage,Whole sporozoite,Whole parasite,,Intravenous; Intramuscular,Completed,Phase I,United States,2016,Yes,NCT02015091,https://clinicaltrials.gov/ct2/show/NCT02015091
87,PfSPZ Vaccine,Active,,Phase 1 dose escalation of intravenous PfSPZ Vaccine in Tanzanian adults,Sanaria; Ifakara Health Institute; Swiss Tropical and Public Health Institute; Tansania Commission for Science and Technology,Phase II,P. falciparum,Pre-erythrocytic stage,Whole sporozoite,Whole parasite,,Intravenous,Completed,Phase I,Tanzania,2015,Yes,NCT02132299,https://clinicaltrials.gov/ct2/show/NCT02132299
88,PfSPZ Vaccine,Active,,"PfSPZ Vaccine by direct venous inoculation in healthy malaria-naïve adults, heterologous vs. homologous CHMI",Sanaria; Naval Medical Research Center; Walter Reed Army Institute of Research (WRAIR); Miliary Infectious Diseases Research Program (MIDRP),Phase II,P. falciparum,Pre-erythrocytic stage,Whole sporozoite,Whole parasite,,Intravenous,Completed,Phase I,United States,2015,Yes,NCT02215707,https://clinicaltrials.gov/ct2/show/NCT02215707
89,PfSPZ Vaccine,Active,,Phase 1 of direct venous inoculation of PfSPZ Vaccine in Equatoguinean adults,Sanaria; Ifakara Health Institute; Swiss Tropical and Public Health Institute (STPH); Government of Equatorial Guinea; Hospital Universitario La Paz; Marathon oil Corporation; Noble Oil Services,Phase II,P. falciparum,Pre-erythrocytic stage,Whole sporozoite,Whole parasite,,Intravenous,Completed,Phase I,Equatorial Guinea,2016,No,NCT02418962,https://clinicaltrials.gov/ct2/show/NCT02418962
90,PfSPZ Vaccine,Active,,PfSPZ Vaccine direct venous inoculation: dose optimization with heterologous challenge in healthy malaria-naïve adults,Sanaria; Naval Medical Research Center; Walter Reed Army Institute of Research (WRAIR); University of Maryland; Joint Warfighter Medical Research Program,Phase II,P. falciparum,Pre-erythrocytic stage,Whole sporozoite,Whole parasite,,Intravenous,Completed,Phase II,United States,2017,Yes,NCT02601716,https://clinicaltrials.gov/ct2/show/NCT02601716
91,PfSPZ Vaccine,Active,,"Age de-escalationstudy of direct venous inoculation of PfSPZ Vaccine in Tanzanian adults, children, and infants",Sanaria; Ifakara Health Institute; Swiss Tropical and Public Health Institute (STPH); Medical Care Development; Tanzania Commission for Science and Technology; Government of Equatorial Guinea; Marathon Oil Corporation; Noble Oil Services,Phase II,P. falciparum,Pre-erythrocytic stage,Whole sporozoite,Whole parasite,,Intravenous,Completed,Phase I,Tanzania,2017,Yes,NCT02613520,https://clinicaltrials.gov/ct2/show/NCT02613520
92,PfSPZ Vaccine,Active,,Dose escalation study of PfSPZ Vaccine in healthy African adults in Mali,"US National Institute of Allergy and Infectious Diseases (NIAID); Sanaria; Malaria Research Training Center, Mali",Phase II,P. falciparum,Pre-erythrocytic stage,Whole sporozoite,Whole parasite,,Intravenous,Completed,Phase I,Mali,2018,Yes,NCT02627456,https://clinicaltrials.gov/ct2/show/NCT02627456
93,PfSPZ Vaccine,Active,,Dose escalation study and phase 1 of PfSPZ Vaccine in malaria-experienced adults in Burkina Faso,US National Institute of Allergy and Infectious Diseases (NIAID),Phase II,P. falciparum,Pre-erythrocytic stage,Whole sporozoite,Whole parasite,,Intravenous,Completed,Phase I,Burkina Faso,2018,No,NCT02663700,https://clinicaltrials.gov/ct2/show/NCT02663700
94,PfSPZ Vaccine,Active,,PfSPZ Vaccine by direct venous inoculation  to healthy children and infants 5 months through 9 years of age in western Kenya: age de-escalation and dose escalation,Sanaria; Kenya Medical Research Institute; Centers for Disease Control and Prevention; US National Institutes of Health (NIH); University of Maryland,Phase II,P. falciparum,Pre-erythrocytic stage,Whole sporozoite,Whole parasite,,Intravenous,Completed,Phase I/II,Kenya,2018,No,NCT02687373,https://clinicaltrials.gov/ct2/show/NCT02687373
95,PfSPZ Vaccine,Active,,"Dose and schedule optimization of PfSPZ Vaccine CHMI in malaria-naïve, healthy adult volunteers in Germany",Sanaria; University of Tubingen; German Federal Ministry of Education and Research; German Center for Infection Research,Phase II,P. falciparum,Pre-erythrocytic stage,Whole sporozoite,Whole parasite,,Intravenous,Completed,Phase I,Germany,2018,Yes,NCT02704533,https://clinicaltrials.gov/ct2/show/NCT02704533
96,PfSPZ Vaccine,Active,,Two regimens of PfSPZ Vaccine during natural transmission season in healthy African adults in Mali,"US National Institute of Allergy and Infectious Diseases (NIAID); Sanaria; Malaria Research and Training Center, Bamako, Mali",Phase II,P. falciparum,Pre-erythrocytic stage,Whole sporozoite,Whole parasite,,Intravenous,Completed,Phase I,Mali,2020,No,NCT03510481,https://clinicaltrials.gov/ct2/show/NCT03510481
97,PfSPZ Vaccine,Active,,PfSPZ Vaccine in 1-12 year-old Gabonese children naturally exposed to malaria parasites,Sanaria; Centre de Recherches Médicales de Lambaréné (CERMEL); German Center for Infection Research,Phase II,P. falciparum,Pre-erythrocytic stage,Whole sporozoite,Whole parasite,,Intravenous,Completed,Phase II,Gabon,2021,No,NCT03521973,https://clinicaltrials.gov/ct2/show/NCT03521973
98,PfSPZ Vaccine,Active,,Regimen optimization study of PfSPZ Vaccine in Equatoguinean Adults,Sanaria; Ifakara Health Institute; Swiss Tropical and Public Health Institute (STPH); Government of Equatorial Guinea; Noble Oil Services; Marathon Oil Corporation; Atlantic Methanol Production Company,Phase II,P. falciparum,Pre-erythrocytic stage,Whole sporozoite,Whole parasite,,Intravenous,Completed,Phase I,Equatorial Guinea,2019,Yes,NCT03590340,https://clinicaltrials.gov/ct2/show/NCT03590340
99,PfSPZ Vaccine,Active,,PfSPZ Vaccine during malaria transmission season in healthy African adult women of childbearing potential in Mali,"US National Institute of Allergy and Infectious Diseases (NIAID); Malaria Research and Training Center, Bamako, Mali; University of Science Techniques and Technologies of Bamako; Sanaria",Phase II,P. falciparum,Pre-erythrocytic stage,Whole sporozoite,Whole parasite,,Intravenous,Ongoing,Phase II,Mali,2022 (expected),No,NCT03989102,https://clinicaltrials.gov/ct2/show/NCT03989102
100,PfSPZ Vaccine,Active,,Phase 2 of PfSPZ Vaccine in children in Mali,"Sanaria; Malaria Research and Training Center, Bamako, Mali; University of the Sciences, Techniques and Technologies of Bamako; US National Institutes of Health (NIH)",Phase II,P. falciparum,Pre-erythrocytic stage,Whole sporozoite,Whole parasite,,Intravenous,Ongoing,Phase II,Mali,2023 (expected),No,NCT04940130,https://clinicaltrials.gov/ct2/show/NCT04940130
101,PfSPZ Vaccine,Active,,"Phase 1 of PfSPZ Vaccine in healthy, malaria-naïve, adults, heterologous CHMI",Sanaria; Fred Hutchinson Cancer Research Center,Phase II,P. falciparum,Pre-erythrocytic stage,Whole sporozoite,Whole parasite,,Intravenous,Ongoing,Phase I,United States,2022,Yes,NCT04966871,https://clinicaltrials.gov/ct2/show/NCT04966871
102,PfSPZ-CVac,Active,,PfSPZ-CVac regimen in healthy malaria-naïve adults in Germany,University of Tubingen,Phase II,P. falciparum,Pre-erythrocytic stage,Whole sporozoite,Whole parasite,,Intravenous,Completed,Phase I,Germany,2020,Yes,EUCTR2018-004523-36-DE; DRKS00017462,"https://trialsearch.who.int/Trial2.aspx?TrialID=EUCTR2018-004523-36-DE;
https://trialsearch.who.int/Trial2.aspx?TrialID=DRKS00017462"
103,PfSPZ-CVac;PfSPZ Vaccine,Active;Active,None;None,"Age escalation / de-escalation study of PfSPZ Vaccine in Equatoguinean adults, children and infants vs PfSPZ-CVac, CHMI","Sanaria; Ifakara Health Institute; Swiss Tropical and Public Health Institute (STPH); Government of Equatorial Guinea; La Paz Medical Center, Malado, Equatorial Guinea; Marathon oil Corporation; Noble Oil Services",Phase II;Phase II,P. falciparum;P. falciparum,Pre-erythrocytic stage;Pre-erythrocytic stage,Whole sporozoite;Whole Sporozoite,Whole parasite;Whole parasite,None;None,Intradermal,Completed,Phase I,Equatorial Guinea,2018,Yes,NCT02859350,https://clinicaltrials.gov/ct2/show/NCT02859350
104,PfSPZ-CVac;PfSPZ Vaccine,Active;Active,None;None,Phase 2 of PfSPZ Vaccine and PfSPZ-CVac in healthy Indonesian adults,"Sanaria; Eijkman Oxford Clinical Research Unit, Indonesia; Indonesia University",Phase II;Phase II,P. falciparum;P. falciparum,Pre-erythrocytic stage;Pre-erythrocytic stage,Whole sporozoite;Whole Sporozoite,Whole parasite;Whole parasite,None;None,Intravenous,Ongoing,Phase II,Indonesia,2023 (expected),No,NCT03503058,https://clinicaltrials.gov/ct2/show/NCT03503058
105,PfSPZ-CVac;PfSPZ Vaccine,Active;Active,None;None,PfSPZ-CVac and PfSPZ Vaccine in 1-12 years old African children naturally exposed to malaria parasites,University of Tubingen; Centre de Recherches Médicale de Lambaréné,Phase II;Phase II,P. falciparum;P. falciparum,Pre-erythrocytic stage;Pre-erythrocytic stage,Whole sporozoite;Whole Sporozoite,Whole parasite;Whole parasite,None;None,Intravenous,Ongoing,Phase I,Gabon,2022 (expected),No,PACTR201712002879427,https://trialsearch.who.int/Trial2.aspx?TrialID=PACTR201712002879427
106,PfSPZ-GA1,Active,,Genetically attenuated PfSPZ-GA1 malaria parasites in healthy Dutch volunteers,Sanaria; University of Leiden; Radboud University,Phase I,P. falciparum,Pre-erythrocytic stage,Whole sporozoite,Whole parasite,,Intravenous,Completed,Phase I,Netherlands,2018,Yes,NCT03163121,https://clinicaltrials.gov/ct2/show/NCT03163121
107,PRIMVAC/Alhydrogel;PRIMVAC/GLA-SE,Active;Active,None;None,Safety and immunogenicity of placental malaria vaccine PRIMVAC in adults in Europe and Burkina Faso (PRIMALVAC),"Institut National de la Santé Et de la Recherche Médicale, France; Recherche Clinique Paris Descartes Necker Cochin Sainte Anne; Centre national de recherche et de formation sur le paludisme; EUCLID Clinical Trial Platform",Phase I;Phase I,P. falciparum;P. falciparum,Blood stage;Blood stage,VAR2CSA;VAR2CSA,Recombinant subunit;Recombinant subunit,Alhydrogel;GLA-SE,Intramuscular,Completed,Phase I,Burkina Faso;France,2019,No,NCT02658253; 	PACTR201610001796177,"https://clinicaltrials.gov/ct2/show/NCT02658253
https://pactr.samrc.ac.za/TrialDisplay.aspx?TrialID=1796"
108,PvCSP/ISA-51,Active,,Safety and protective efficacy of synthetic PvCSP vaccine in naïve and pre-immune Colombian volunteers,"Malaria Vaccine and Drug Development Center (MVDC), Colombia",Phase II,P. vivax,Pre-erythrocytic stage,PvCSP,Recombinant subunit,Montanide ISA-51,Parenteral,Ongoing,Phase II,Colombia,2022 (expected),Yes,NCT04739917,https://clinicaltrials.gov/ct2/show/NCT04739917
109,PvCSP/ISA-51,Active,,Protective efficacy of synthetic PvCSP vaccine in naïve and pre-immune Colombian volunteers,"Malaria Vaccine and Drug Development Center (MVDC), Colombia",Phase II,P. vivax,Pre-erythrocytic stage,PvCSP,Recombinant subunit,Montanide ISA-51,Intramuscular,Completed,Phase II,Colombia,2017,Yes,NCT02083068,https://clinicaltrials.gov/ct2/show/NCT02083068
110,PvDBP/GLA-SE,Inactive,,Phase I of PvDBPII/ GLA-SE in healthy Indian male subjects,"International Center for Genetic Engineering and Biotechnology (ICGEB), India",Phase I,P. vivax,Blood stage,PvDBP,Recombinant subunit,GLA-SE,Intramuscular,Completed,Phase I,India,2017,No,CTRI/2016/09/007289,https://trialsearch.who.int/Trial2.aspx?TrialID=CTRI/2016/09/007289
111,PvDBP/Matrix M1,Active,,Phase I/IIa of PvDBPII/Matrix M1 in healthy adults in the UK,University of Oxford,Phase II,P. vivax,Blood stage,PvDBP,Recombinant subunit,Matrix M1,Parenteral,Ongoing,Phase I/II,United Kingdom,2022 (expected),Yes,NCT04201431,https://clinicaltrials.gov/ct2/show/NCT04201431
112,Pvs25-IMX313/Matrix-M1,Active,,"Phase Ia study to assess the safety and immunogenicity of the Pvs25-IMX313 vaccine, administered in Matrix-M1 adjuvant in healthy adults in the UK",University of Oxford,Phase I,P. vivax,Sexual stage,Pvs25,Recombinant subunit,Matrix M1,Intramuscular,Ongoing,Phase I,United Kingdom,2022 (expected),No,NCT05270265,https://clinicaltrials.gov/ct2/show/NCT05270265
113,PvSPZ,Active,,Phase 1/2a immunization of human volunteers with P. vivax irradiated sporozoites,"Malaria Vaccine and Drug Development Center (MVDC), Colombia; National Health, Lung, and Blood Institute (NHLBI); Asoclinic Inmunologica Ltda",Phase II,P. vivax,Pre-erythrocytic stage,Whole sporozoite,Whole parasite,,Mosquito bite,Completed,Phase I/IIa,Colombia,2017,Yes,NCT01082341,https://clinicaltrials.gov/ct2/show/NCT01082341
114,R21/AS01B,Active,,Safety and immunogenicity of R21/AS01B in healthy UK volunteers (VAC056),University of Oxford,Phase I,P. falciparum,Pre-erythrocytic stage,PfCSP,"Recombinant subunit,Virus-like particle",AS01B,Intramuscular,Completed,Phase I,United Kingdom,2017,No,NCT02600975,https://clinicaltrials.gov/ct2/show/NCT02600975
115,R21/Matrix M1,Active,,"Phase Ib/IIb of R21/Matrix-M in 5-17 month old children in Nanoro, Burkina Faso",University of Oxford; Institut de Recherche en Sciences de la Sante - Clinical Research Unit of Nanoro (IRSS-URCN); European and Developing Countries Clinical Trials Partnership (EDCTP),Phase III,P. falciparum,Pre-erythrocytic stage,PfCSP,Recombinant subunit,Matrix M1,Intramuscular,Ongoing,Phase Ib/IIb,Burkina Faso,2023 (expected),No,NCT03896724,https://clinicaltrials.gov/ct2/show/NCT03896724
116,R21/Matrix M1,Active,,Phase III of R21/Matrix-M in African children against clinical malaria,University of Oxford; Institut de Recherche en Sciences de la Sante Clinical Research Unit of Nanoro IRSS URCN; Institut de Recherche en Sciences de la Sante Direction Regionale de l'Ouest; University of Sciences Techniques and Technologies of Bamako; Kenya Medical Research Institute (KEMRI); Ifakara Health Institute; London School of Hygiene and Tropical Medicine (LSHTM),Phase III,P. falciparum,Pre-erythrocytic stage,PfCSP,Recombinant subunit,Matrix M1,Intramuscular,Ongoing,Phase III,Tanzania;Mali;Kenya;Burkina Faso,2023 (expected),No,PACTR202102694561794; 	NCT04704830,https://trialsearch.who.int/Trial2.aspx?TrialID=PACTR202102694561794
117,R21/Matrix M1,Active,,"Phase 1b age de-escalation, dose-escalation study of R21/Matrix-M in adults, young children and infants in Kilifi, Kenya. (VAC073)",University of Oxford; Kenya Medical Research Institute (KEMRI); European & Developing Countries Clinical Trials Partnership (EDCTP),Phase III,P. falciparum,Pre-erythrocytic stage,PfCSP,Recombinant subunit,Matrix M1,Intramuscular,Ongoing,Phase Ib,Kenya,2022 (expected),No,PACTR202105682956280; NCT03580824,"https://trialsearch.who.int/Trial2.aspx?TrialID=PACTR202105682956280
https://clinicaltrials.gov/ct2/show/NCT03580824"
118,R21/Matrix M1,Active,,"Phase I/IIa sporozoite challenge study of adjuvanted R21, different dose schedules in healthy UK volunteers (VAC072)",University of Oxford,Phase III,P. falciparum,Pre-erythrocytic stage,PfCSP,Recombinant subunit,Matrix M1,Intramuscular,Completed,Phase I/II,United Kingdom,2021,Yes,NCT03970993,https://clinicaltrials.gov/ct2/show/NCT03970993
119,R21/Matrix M1,Active,,Phase Ib of R21/Matrix-M1 in West African adult volunteers,University of Oxford; European & Developing Countries Clinical Trials Partnership (EDCTP); European Vaccine Initiative (EVI); Centre National de Recherche et de Formatation sur le Paludisme (CNRFP),Phase III,P. falciparum,Pre-erythrocytic stage,PfCSP,"Recombinant subunit,Virus-like particle",Matrix M1,Intramuscular,Completed,Phase Ib,Burkina Faso,2017,No,NCT02925403; PACTR201610001813366,"https://clinicaltrials.gov/ct2/show/NCT02925403
https://trialsearch.who.int/Trial2.aspx?TrialID=PACTR201610001813366"
120,R21/Matrix M1,Active,,"Safety and immunogenicity of R21, with and without Matrix-M1 in healthy UK volunteers (VAC053)",University of Oxford,Phase III,P. falciparum,Pre-erythrocytic stage,PfCSP,"Recombinant subunit,Virus-like particle",Matrix M1,Intramuscular,Completed,Phase I,United Kingdom,2017,No,NCT02572388,https://clinicaltrials.gov/ct2/show/NCT02572388
121,R21/Matrix M1,Active,,"Phase Ib trial in Bougouni, Mali - safety and immunogenicity of R21/Matrix-M single and two vial presentation, different immunisation schedules, co-administered with EPI vaccines in African children","University of Oxford; Malaria Research and Training Center, Bamako, Mali",Phase III,P. falciparum,Pre-erythrocytic stage,PfCSP,"Recombinant subunit,Virus-like particle",Matrix M1,Intramuscular,Ongoing,Phase Ib,Mali,2024,No,NCT05155579,https://clinicaltrials.gov/ct2/show/NCT05155579
122,R21/Matrix M1,Active,,Phase 2 trial of R21/Matrix-M safety and immunogenicity in Thai adults (MAL22001),University of Oxford; Mahidol Oxford Tropical Medicine Research Unit,Phase III,P. falciparum,Pre-erythrocytic stage,PfCSP,"Recombinant subunit,Virus-like particle",Matrix M1,Intramuscular,Ongoing,Phase II,Thailand,2023,No,NCT05252845,https://clinicaltrials.gov/ct2/show/NCT05252845
123,R21/Matrix M1;ChAd63-MVA ME-TRAP,Active;Inactive,None;None,"Phase IIb CHMI, R21/Matrix-M and ChAd63-MVA ME-TRAP in Kenyan adults (VAC074)",University of Oxford; Kenya Medical Research Institute (KEMRI); European & Developing Countries Clinical Trials Partnership (EDCTP),Phase III;Phase II,P. falciparum;P. falciparum,Pre-erythrocytic stage;Pre-erythrocytic stage,PfCSP;ME-TRAP,"Recombinant subunit,Virus-like particle;Recombinant viral vector",Matrix M1;None,Intramuscular,Ongoing,Phase IIb,Kenya,2023 (expected),Yes,NCT03947190; PACTR202108505632810,https://clinicaltrials.gov/ct2/show/NCT03947190
124,R21/Matrix M1;R21/Matrix M1 + ChAd63-MVA ME-TRAP,Active;Inactive,None;None,Phase I/IIa sporozoite challenge study of R21 alone at different doses and R21 + ChAd63-MVA ME-TRAP in healthy malaria-naïve volunteers (VAC065),University of Oxford,Phase III;Phase II,P. falciparum;P. falciparum,Pre-erythrocytic stage;Pre-erythrocytic stage,PfCSP;ME-TRAP,"Recombinant subunit,Virus-like particle;Recombinant viral vector",Matrix M1;Matrix M1,Intramuscular,Completed,Phase I/IIa,United Kingdom,2017,Yes,"NCT02905019, EUCTR2016-001265-92-GB","https://clinicaltrials.gov/ct2/show/NCT02905019
https://trialsearch.who.int/Trial2.aspx?TrialID=EUCTR2016-001265-92-GB"
125,rCSP/AP10-602,Active,,"Phase I challenge study to evaluate safety, immunogenicity, and efficacy of a recombinant sporozoite protein (rCSP) adjuvanted with AP 10-602 (GLA-LSQ), in healthy adults",US National Institute of Allergy and Infectious Diseases (NIAID),Phase I,P. falciparum,Pre-erythrocytic stage,PfCSP,Recombinant subunit,GLA-LSQ,Intramuscular,Ongoing,Phase I,United States,2022 (expected),Yes,NCT03589794,https://clinicaltrials.gov/ct2/show/NCT03589794
126,Rh5.1/Matrix M1,Active,,Safety and immunogenicity of Rh5.1/Matrix-M in healthy adults and infants in Tanzania,University of Oxford; Ifakara Health Institute; European and Developing Countries Clinical Trials Partnership (EDCTP),Phase I,P. falciparum,Blood stage,PfRh5,Recombinant subunit,Matrix M1,Intramuscular,Ongoing,Phase Ib,Tanzania,2023,No,NCT04318002,https://clinicaltrials.gov/ct2/show/NCT04318002
127,Rh5/AS01B,Active,,Phase I/IIa multi-centre dose escalation CHMI trial of Rh5 in health adults in the UK,University of Oxford,Phase II,P. falciparum,Blood stage,PfRh5,Recombinant subunit,AS01B,Intramuscular,Completed,Phase IIa,United Kingdom,2019,Yes,NCT02927145,https://clinicaltrials.gov/ct2/show/NCT02927145
128,"RTS,S/AS01B + ChAd63-MVA ME-TRAP",Inactive,,"Phase I/IIa sporozoite challenge study of RTS,S/AS01B + ChAd63 and MVA encoding ME-TRAP and RTS,S/A01B alone (VAC055)",University of Oxford,Phase II,P. falciparum,Pre-erythrocytic stage,"PfCSP,ME-TRAP","Recombinant subunit,Virus-like particle,Recombinant viral vector",AS01B,Intramuscular,Completed,Phase I/IIa,United Kingdom,2014,Yes,EUCTR2013-000393-30-GB,https://trialsearch.who.int/Trial2.aspx?TrialID=EUCTR2013-000393-30-GB
129,"RTS,S/AS01B + ChAd63-MVA ME-TRAP",Inactive,,"ChAd63 ME-TRAP and MVA ME-TRAP delivered with RTS,S/AS01B (at full standard or fractional 3rd dose), and of RTS,S/AS01B alone (at full standard or fractional 3rd dose) (VAC059)",University of Oxford,Phase II,P. falciparum,Pre-erythrocytic stage,"PfCSP,ME-TRAP","Recombinant subunit,Virus-like particle,Recombinant viral vector",AS01B,Intramuscular,Completed,Phase I/IIa,United Kingdom,2015,Yes,EUCTR2014-001301-40-GB,https://trialsearch.who.int/Trial2.aspx?TrialID=EUCTR2014-001301-40-GB
130,"RTS,S/AS01B;RTS,S/AS02A",Inactive;Inactive,None;None,"Phase II adjuvant justification study of RTS,S/AS01B and RTS,S/AS02A in malaria-naive adults aged 18 to 45 years (Malaria-048)",GlaxoSmithKline (GSK),Phase II;Phase II,P. falciparum;P. falciparum,Pre-erythrocytic stage;Pre-erythrocytic stage,PfCSP;PfCSP,"Recombinant subunit,Virus-like particle;Recombinant subunit,Virus-like particle",AS01B;AS02A,Intramuscular,Completed,Phase II,Belgium,2007,No,EUCTR2006-002095-18-BE,https://trialsearch.who.int/Trial2.aspx?TrialID=EUCTR2006-002095-18-BE
131,"RTS,S/AS01E",Active,"WHO Prequalified,WHO recommended",Post-implementation safety study,GlaxoSmithKline (GSK),Phase IV,P. falciparum,Pre-erythrocytic stage,PfCSP,"Recombinant subunit,Virus-like particle",AS01E,Intramuscular,Ongoing,Phase IV,Ghana;Kenya;Malawi,2025 (expected),No,NCT03855995,https://clinicaltrials.gov/ct2/show/NCT03855995
132,"RTS,S/AS01E",Active,"WHO Prequalified,WHO recommended",Epidemiology of malaria transmission intensity in sub-Saharan Africa,GlaxoSmithKline (GSK); PATH,Phase IV,P. falciparum,Pre-erythrocytic stage,PfCSP,"Recombinant subunit,Virus-like particle",AS01E,Intramuscular,Ongoing,Phase IV,Burkina Faso;Ghana;Kenya;Malawi;Senegal;Tanzania,2024 (expected),No,NCT02251704,https://clinicaltrials.gov/ct2/show/NCT02251704
133,"RTS,S/AS01E",Active,"WHO Prequalified,WHO recommended",Fractional booster dose of GSK candidate malaria vaccine,GlaxoSmithKline (GSK); PATH,Phase IV,P. falciparum,Pre-erythrocytic stage,PfCSP,"Recombinant subunit,Virus-like particle",AS01E,Intramuscular,Completed,Phase II,United States,2020,Yes,NCT03824236,https://clinicaltrials.gov/ct2/show/NCT03824236
134,"RTS,S/AS01E",Active,"WHO Prequalified,WHO recommended","Efficacy of RTS,S/AS01E in children aged 5 to 17 months in Tanzania and Kenya",GlaxoSmithKline (GSK),Phase IV,P. falciparum,Pre-erythrocytic stage,PfCSP,"Recombinant subunit,Virus-like particle",AS01E,Intramuscular,Completed,Phase II,Kenya;Tanzania,2008,No,NCT00380393,https://clinicaltrials.gov/ct2/show/NCT00380393
135,"RTS,S/AS01E",Active,"WHO Prequalified,WHO recommended",Efficacy of GSK Biologicals' candidate vaccine 257049 against malaria disease in infants and children in Africa,GlaxoSmithKline (GSK); PATH,Phase IV,P. falciparum,Pre-erythrocytic stage,PfCSP,"Recombinant subunit,Virus-like particle",AS01E,Intramuscular,Completed,Phase III,Burkina Faso;Gabon;Ghana;Kenya;Malawi;Mozambique;Tanzania,2014,No,NCT00866619,https://clinicaltrials.gov/ct2/show/NCT00866619
136,"RTS,S/AS01E",Active,"WHO Prequalified,WHO recommended","Extended follow up of phase 2b vaccine trial with RTS,S/AS01E in Kilifi, Kenya (MAL059)",GlaxoSmithKline (GSK); Kenya Medical Research Institute (KEMRI),Phase IV,P. falciparum,Pre-erythrocytic stage,PfCSP,"Recombinant subunit,Virus-like particle",AS01E,Intramuscular,Completed,Phase II,Kenya,2016,No,NCT00872963,https://clinicaltrials.gov/ct2/show/NCT00872963
137,"RTS,S/AS01E",Active,"WHO Prequalified,WHO recommended",Safety and immunogenicity of GSK vaccine 257049 administered on 7 schedules to African infants,GlaxoSmithKline (GSK); PATH,Phase IV,P. falciparum,Pre-erythrocytic stage,PfCSP,"Recombinant subunit,Virus-like particle",AS01E,Intramuscular,Completed,Phase II,Malawi,2014,No,NCT01231503,https://clinicaltrials.gov/ct2/show/NCT01231503
138,"RTS,S/AS01E",Active,"WHO Prequalified,WHO recommended","Phase II of RTS,S/AS01E in EPI regimen with DTPwHepB/Hib, OPV, measles and yellow fever vaccination in infants living in malaria-endemic regions (MALARIA-050)",GlaxoSmithKline (GSK),Phase IV,P. falciparum,Pre-erythrocytic stage,PfCSP,"Recombinant subunit,Virus-like particle",AS01E,Intramuscular,Completed,Phase II,Ghana;Gabon;Tanzania,2009,No,EUCTR2012-005695-34-Outside-EU/EEA,https://trialsearch.who.int/Trial2.aspx?TrialID=EUCTR2012-005695-34-Outside-EU/EEA
139,"RTS,S/AS01E",Active,"WHO Prequalified,WHO recommended","RTS,S/AS01E in Asian populations, safety and immunogenicity of fractional dose schedules",University of Oxford; Mahidol University,Phase IV,P. falciparum,Pre-erythrocytic stage,PfCSP,"Recombinant subunit,Virus-like particle",AS01E,Intramuscular,Completed,Phase II,Thailand,2018,No,NCT02992119,https://clinicaltrials.gov/ct2/show/NCT02992119
140,"RTS,S/AS01E",Active,"WHO Prequalified,WHO recommended","GSK vaccine candidate SB257049, various dose schedules, sporozoite challenge in healthy malaria-naïve adults",GlaxoSmithKline (GSK); PATH,Phase IV,P. falciparum,Pre-erythrocytic stage,PfCSP,"Recombinant subunit,Virus-like particle",AS01E,Intramuscular,Completed,Phase II,United States,2018,Yes,NCT03162614,https://clinicaltrials.gov/ct2/show/NCT03162614
141,"RTS,S/AS01E",Active,"WHO Prequalified,WHO recommended","GSK vaccine candidate SB257049, with or without fractional doses, early dose 4 and yearly doses, in children 5-17 months of age",GlaxoSmithKline  (GSK); PATH; US Department of Defence (DOD),Phase IV,P. falciparum,Pre-erythrocytic stage,PfCSP,"Recombinant subunit,Virus-like particle",AS01E,Intramuscular,Ongoing,Phase II,Ghana;Kenya,2022 (expected),No,NCT03276962,https://clinicaltrials.gov/ct2/show/NCT03276962
142,"RTS,S/AS01E",Active,"WHO Prequalified,WHO recommended","RTS,S immunologic hypo-responsiveness in African adults",GlaxoSmithKline (GSK); PATH; Kenya Medical Research Institute (KEMRI); US Department of Defence (DOD); Triclinium Clinical Development Ltd; DF/Net; Bill and Melinda Gates Foundation (BMGF),Phase IV,P. falciparum,Pre-erythrocytic stage,PfCSP,"Recombinant subunit,Virus-like particle",AS01E,Intramuscular,Ongoing,Phase II,Kenya,2023 (expected),No,NCT04661579,https://clinicaltrials.gov/ct2/show/NCT04661579
143,"RTS,S/AS01E;RTS,S/AS02D",Active;Inactive,"WHO Prequalified,WHO recommended;None","Bridging safety and immunogenicity study of RTS,S/AS01E to RTS,S/AS02D in Gabonese children aged 18 months to 4 years",GlaxoSmithKline (GSK),Phase IV;Phase II,P. falciparum;P. falciparum,Pre-erythrocytic stage;Pre-erythrocytic stage,PfCSP;PfCSP,"Recombinant subunit,Virus-like particle;Recombinant subunit,Virus-like particle",AS01E;AS02D,Intramuscular,Completed,Phase II,Gabon,2007,No,NCT00307021,https://clinicaltrials.gov/ct2/show/NCT00307021
144,"RTS,S/AS02A",Inactive,,"Safety and immunogenicity of RTS,S/AS02A in Mozambican children aged 1 to 4 years at time of first vaccine dose",GlaxoSmithKline (GSK),Phase II,P. falciparum,Pre-erythrocytic stage,PfCSP,"Recombinant subunit,Virus-like particle",AS02A,Intramuscular,Completed,Phase II,Mozambique,2007,No,NCT00323622,https://clinicaltrials.gov/ct2/show/NCT00323622
145,"RTS,S/AS02A",Inactive,,"Safety, immunogenicity and efficacy RTS,S/AS02A in children aged 1 to 4 years in a malaria-endemic region of Mozambique",GlaxoSmithKline (GSK),Phase II,P. falciparum,Pre-erythrocytic stage,PfCSP,"Recombinant subunit,Virus-like particle",AS02A,Intramuscular,Completed,Phase II,Mozambique,2005,No,NCT00197041,https://clinicaltrials.gov/ct2/show/NCT00197041
146,"RTS,S/AS02A;RTS,S/AS01B",Inactive;Inactive,None;None,"Human sporozoite challenge/rechallenge of vaccines containing RTS,S",U.S. Army Medical Research and Materiel Command,Phase II;Phase II,P. falciparum;P. falciparum,Pre-erythrocytic stage;Pre-erythrocytic stage,PfCSP;PfCSP,"Recombinant subunit,Virus-like particle;Recombinant subunit,Virus-like particle",AS02A;AS01B,Intramuscular,Completed,Phase II,United States,2006,Yes,NCT00075049,https://clinicaltrials.gov/ct2/show/NCT00075049
147,"RTS,S/AS02A;RTS,S/AS01B",Inactive;Inactive,None;None,"Safety, immunogenicity RTS,S/AS02A and RTS,S/AS01B in malaria-experienced adults living in western Kenya",U.S. Army Medical Research and Materiel Command,Phase II;Phase II,P. falciparum;P. falciparum,Pre-erythrocytic stage;Pre-erythrocytic stage,PfCSP;PfCSP,"Recombinant subunit,Virus-like particle;Recombinant subunit,Virus-like particle",AS02A;AS01B,Intramuscular,Completed,Phase II,Kenya,2006,No,NCT00197054,https://clinicaltrials.gov/ct2/show/NCT00197054
148,"RTS,S/AS02D",Inactive,,"Phase I/IIb of RTS,S/AS02D in infants in a malaria-endemic region (MALARIA-038)",GlaxoSmithKline (GSK),Phase II,P. falciparum,Pre-erythrocytic stage,PfCSP,"Recombinant subunit,Virus-like particle",AS02D,Intramuscular,Completed,Phase II,Mozambique,2007,No,NCT00197028,https://clinicaltrials.gov/ct2/show/NCT00197028
149,"RTS,S/AS02D",Inactive,,"Phase IIb of RTS,S/AS02D in Expanded Program on Immunization (EPI) regimen with DTPw/Hib in infants living in a malaria-endemic region",GlaxoSmithKline (GSK),Phase II,P. falciparum,Pre-erythrocytic stage,PfCSP,"Recombinant subunit,Virus-like particle",AS02D,Intramuscular,Completed,Phase II,Tanzania,2009,No,NCT00289185,https://clinicaltrials.gov/ct2/show/NCT00289185
150,"RTS,S/AS02D;RTS,S/AS02A",Inactive;Inactive,None;None,"Safety and immunogenicity of RTS,S/AS02D and RTS,S/AS02A in children aged 3 to 5 years in a malaria-endemic region of Mozambique",GlaxoSmithKline (GSK),Phase II;Phase II,P. falciparum;P. falciparum,Pre-erythrocytic stage;Pre-erythrocytic stage,PfCSP;PfCSP,"Recombinant subunit,Virus-like particle;Recombinant subunit,Virus-like particle",AS02D;AS02A,Intramuscular,Completed,Phase I,Mozambique,2005,No,NCT00197067,https://clinicaltrials.gov/ct2/show/NCT00197067
151,VCL2510,Inactive,,"PfCSP DNA vaccine followed by a single dose of MVA.CSO, prime boost",US National Institute of Allergy and Infectious Diseases (NIAID),Phase II,P. falciparum,Pre-erythrocytic stage,PfCSP,"DNA vaccine,Recombinant viral vector",,Intramuscular; Intradermal,Withdrawn,Phase I/II,Ghana,2008,No,NCT00377494,https://clinicaltrials.gov/ct2/show/NCT00377494
152,VLPM01,Active,,"Safety, tolerability, immunogenicity and experimental efficacy of VLPM01 (alpha virus-like-particle PfCSP) in healthy, malaria-naïve adult volunteers",VLP Therapeutics,Phase I,P. falciparum,Pre-erythrocytic stage,PfCSP,Virus-like particle,Alhydrogel,Intramuscular,Completed,Phase I,United States,2020,Yes,NCT03867331,https://clinicaltrials.gov/ct2/show/NCT03867331
153,VMP001/AS01B,Inactive,,"Phase 1/2a dose escalation study of PvCSP in healthy, malaria-naïve adults aged 18 to 55 years ",Walter Reed Army Institute of Researchl; PATH; GlaxoSmithKline (GSK); U.S. Army Medical Research and Development Command; US Department of Defense (DoD),Phase II,P. vivax,Pre-erythrocytic stage,PvCSP,Recombinant subunit,AS01B,Intramuscular,Completed,Phase I/II,United States,2012,Yes,NCT01157897,https://clinicaltrials.gov/ct2/show/NCT01157897
